{"IcoMoonType":"selection","icons":[{"icon":{"paths":["M512 656v48","M410.177 613.823l-33.941 33.941","M368 512h-48","M410.177 410.177l-33.941-33.941","M512 368v-48","M613.823 410.177l33.941-33.941","M656 512l48-0","M613.823 613.823l33.941 33.941","M592 512c0 44.183-35.817 80-80 80s-80-35.817-80-80c0-44.183 35.817-80 80-80s80 35.817 80 80z"],"attrs":[{"fill":"none","stroke":"rgb(255, 165, 0)","strokeLinejoin":"miter","strokeLinecap":"round","strokeMiterlimit":"4","strokeWidth":32},{"fill":"none","stroke":"rgb(255, 165, 0)","strokeLinejoin":"miter","strokeLinecap":"round","strokeMiterlimit":"4","strokeWidth":32},{"fill":"none","stroke":"rgb(255, 165, 0)","strokeLinejoin":"miter","strokeLinecap":"round","strokeMiterlimit":"4","strokeWidth":32},{"fill":"none","stroke":"rgb(255, 165, 0)","strokeLinejoin":"miter","strokeLinecap":"round","strokeMiterlimit":"4","strokeWidth":32},{"fill":"none","stroke":"rgb(255, 165, 0)","strokeLinejoin":"miter","strokeLinecap":"round","strokeMiterlimit":"4","strokeWidth":32},{"fill":"none","stroke":"rgb(255, 165, 0)","strokeLinejoin":"miter","strokeLinecap":"round","strokeMiterlimit":"4","strokeWidth":32},{"fill":"none","stroke":"rgb(255, 165, 0)","strokeLinejoin":"miter","strokeLinecap":"round","strokeMiterlimit":"4","strokeWidth":32},{"fill":"none","stroke":"rgb(255, 165, 0)","strokeLinejoin":"miter","strokeLinecap":"round","strokeMiterlimit":"4","strokeWidth":32},{"fill":"rgb(255, 165, 0)","stroke":"rgb(255, 165, 0)","strokeLinejoin":"miter","strokeLinecap":"butt","strokeMiterlimit":"4","strokeWidth":32}],"isMulticolor":false,"isMulticolor2":false,"grid":0,"tags":["d"],"colorPermutations":{"1311792031145192248115916618311852162321198222255125516501255255255187160238197921541":[{"s":1},{"s":1},{"s":1},{"s":1},{"s":1},{"s":1},{"s":1},{"s":1},{"f":1,"s":1}]}},"attrs":[{"fill":"none","stroke":"rgb(255, 165, 0)","strokeLinejoin":"miter","strokeLinecap":"round","strokeMiterlimit":"4","strokeWidth":32},{"fill":"none","stroke":"rgb(255, 165, 0)","strokeLinejoin":"miter","strokeLinecap":"round","strokeMiterlimit":"4","strokeWidth":32},{"fill":"none","stroke":"rgb(255, 165, 0)","strokeLinejoin":"miter","strokeLinecap":"round","strokeMiterlimit":"4","strokeWidth":32},{"fill":"none","stroke":"rgb(255, 165, 0)","strokeLinejoin":"miter","strokeLinecap":"round","strokeMiterlimit":"4","strokeWidth":32},{"fill":"none","stroke":"rgb(255, 165, 0)","strokeLinejoin":"miter","strokeLinecap":"round","strokeMiterlimit":"4","strokeWidth":32},{"fill":"none","stroke":"rgb(255, 165, 0)","strokeLinejoin":"miter","strokeLinecap":"round","strokeMiterlimit":"4","strokeWidth":32},{"fill":"none","stroke":"rgb(255, 165, 0)","strokeLinejoin":"miter","strokeLinecap":"round","strokeMiterlimit":"4","strokeWidth":32},{"fill":"none","stroke":"rgb(255, 165, 0)","strokeLinejoin":"miter","strokeLinecap":"round","strokeMiterlimit":"4","strokeWidth":32},{"fill":"rgb(255, 165, 0)","stroke":"rgb(255, 165, 0)","strokeLinejoin":"miter","strokeLinecap":"butt","strokeMiterlimit":"4","strokeWidth":32}],"properties":{"order":36,"id":9,"name":"01d","prevSize":32,"code":59648},"setIdx":0,"setId":1,"iconIdx":0},{"icon":{"paths":["M320 560v48","M218.177 517.823l-33.941 33.941","M176 416h-48","M218.177 314.177l-33.941-33.941","M320 272v-48","M421.823 314.177l33.941-33.941","M464 416h48","M421.823 517.823l33.941 33.941","M400 416c0 44.183-35.817 80-80 80s-80-35.817-80-80c0-44.183 35.817-80 80-80s80 35.817 80 80z","M763.2 550.4c0-73.6-59.2-131.2-131.2-131.2-16 0-30.4 3.2-44.8 8-4.8-54.4-49.6-99.2-105.6-99.2-59.2 0-107.2 48-107.2 107.2 0 12.8 3.2 25.6 6.4 36.8-4.8-1.6-11.2-1.6-16-1.6-59.2 0-107.2 48-107.2 107.2 0 57.6 46.4 105.6 104 107.2h275.2c70.4-8 126.4-64 126.4-134.4z"],"attrs":[{"fill":"none","stroke":"rgb(255, 165, 0)","strokeLinejoin":"miter","strokeLinecap":"round","strokeMiterlimit":"4","strokeWidth":32},{"fill":"none","stroke":"rgb(255, 165, 0)","strokeLinejoin":"miter","strokeLinecap":"round","strokeMiterlimit":"4","strokeWidth":32},{"fill":"none","stroke":"rgb(255, 165, 0)","strokeLinejoin":"miter","strokeLinecap":"round","strokeMiterlimit":"4","strokeWidth":32},{"fill":"none","stroke":"rgb(255, 165, 0)","strokeLinejoin":"miter","strokeLinecap":"round","strokeMiterlimit":"4","strokeWidth":32},{"fill":"none","stroke":"rgb(255, 165, 0)","strokeLinejoin":"miter","strokeLinecap":"round","strokeMiterlimit":"4","strokeWidth":32},{"fill":"none","stroke":"rgb(255, 165, 0)","strokeLinejoin":"miter","strokeLinecap":"round","strokeMiterlimit":"4","strokeWidth":32},{"fill":"none","stroke":"rgb(255, 165, 0)","strokeLinejoin":"miter","strokeLinecap":"round","strokeMiterlimit":"4","strokeWidth":32},{"fill":"none","stroke":"rgb(255, 165, 0)","strokeLinejoin":"miter","strokeLinecap":"round","strokeMiterlimit":"4","strokeWidth":32},{"fill":"rgb(255, 165, 0)","stroke":"rgb(255, 165, 0)","strokeLinejoin":"miter","strokeLinecap":"butt","strokeMiterlimit":"4","strokeWidth":32},{"fill":"rgb(198, 222, 255)","stroke":"rgb(255, 255, 255)","strokeLinejoin":"round","strokeLinecap":"butt","strokeMiterlimit":"4","strokeWidth":19.2}],"isMulticolor":true,"isMulticolor2":true,"grid":0,"tags":["d"],"colorPermutations":{"1311792031145192248115916618311852162321198222255125516501255255255187160238197921541":[{"s":1},{"s":1},{"s":1},{"s":1},{"s":1},{"s":1},{"s":1},{"s":1},{"f":1,"s":1},{"f":7,"s":8}]}},"attrs":[{"fill":"none","stroke":"rgb(255, 165, 0)","strokeLinejoin":"miter","strokeLinecap":"round","strokeMiterlimit":"4","strokeWidth":32},{"fill":"none","stroke":"rgb(255, 165, 0)","strokeLinejoin":"miter","strokeLinecap":"round","strokeMiterlimit":"4","strokeWidth":32},{"fill":"none","stroke":"rgb(255, 165, 0)","strokeLinejoin":"miter","strokeLinecap":"round","strokeMiterlimit":"4","strokeWidth":32},{"fill":"none","stroke":"rgb(255, 165, 0)","strokeLinejoin":"miter","strokeLinecap":"round","strokeMiterlimit":"4","strokeWidth":32},{"fill":"none","stroke":"rgb(255, 165, 0)","strokeLinejoin":"miter","strokeLinecap":"round","strokeMiterlimit":"4","strokeWidth":32},{"fill":"none","stroke":"rgb(255, 165, 0)","strokeLinejoin":"miter","strokeLinecap":"round","strokeMiterlimit":"4","strokeWidth":32},{"fill":"none","stroke":"rgb(255, 165, 0)","strokeLinejoin":"miter","strokeLinecap":"round","strokeMiterlimit":"4","strokeWidth":32},{"fill":"none","stroke":"rgb(255, 165, 0)","strokeLinejoin":"miter","strokeLinecap":"round","strokeMiterlimit":"4","strokeWidth":32},{"fill":"rgb(255, 165, 0)","stroke":"rgb(255, 165, 0)","strokeLinejoin":"miter","strokeLinecap":"butt","strokeMiterlimit":"4","strokeWidth":32},{"fill":"rgb(198, 222, 255)","stroke":"rgb(255, 255, 255)","strokeLinejoin":"round","strokeLinecap":"butt","strokeMiterlimit":"4","strokeWidth":19.2}],"properties":{"order":37,"id":8,"name":"02d","prevSize":32,"code":59649,"codes":[59649,59650,59651,59652,59653,59654,59655,59656,59657,59658]},"setIdx":0,"setId":1,"iconIdx":1},{"icon":{"paths":["M320 560v48","M218.177 517.823l-33.941 33.941","M176 416h-48","M218.177 314.177l-33.941-33.941","M320 272v-48","M421.823 314.177l33.941-33.941","M464 416h48","M421.823 517.823l33.941 33.941","M400 416c0 44.183-35.817 80-80 80s-80-35.817-80-80c0-44.183 35.817-80 80-80s80 35.817 80 80z","M763.2 550.4c0-73.6-59.2-131.2-131.2-131.2-16 0-30.4 3.2-44.8 8-4.8-54.4-49.6-99.2-105.6-99.2-59.2 0-107.2 48-107.2 107.2 0 12.8 3.2 25.6 6.4 36.8-4.8-1.6-11.2-1.6-16-1.6-59.2 0-107.2 48-107.2 107.2 0 57.6 46.4 105.6 104 107.2h275.2c70.4-8 126.4-64 126.4-134.4z"],"attrs":[{"fill":"none","stroke":"rgb(255, 165, 0)","strokeLinejoin":"miter","strokeLinecap":"round","strokeMiterlimit":"4","strokeWidth":32},{"fill":"none","stroke":"rgb(255, 165, 0)","strokeLinejoin":"miter","strokeLinecap":"round","strokeMiterlimit":"4","strokeWidth":32},{"fill":"none","stroke":"rgb(255, 165, 0)","strokeLinejoin":"miter","strokeLinecap":"round","strokeMiterlimit":"4","strokeWidth":32},{"fill":"none","stroke":"rgb(255, 165, 0)","strokeLinejoin":"miter","strokeLinecap":"round","strokeMiterlimit":"4","strokeWidth":32},{"fill":"none","stroke":"rgb(255, 165, 0)","strokeLinejoin":"miter","strokeLinecap":"round","strokeMiterlimit":"4","strokeWidth":32},{"fill":"none","stroke":"rgb(255, 165, 0)","strokeLinejoin":"miter","strokeLinecap":"round","strokeMiterlimit":"4","strokeWidth":32},{"fill":"none","stroke":"rgb(255, 165, 0)","strokeLinejoin":"miter","strokeLinecap":"round","strokeMiterlimit":"4","strokeWidth":32},{"fill":"none","stroke":"rgb(255, 165, 0)","strokeLinejoin":"miter","strokeLinecap":"round","strokeMiterlimit":"4","strokeWidth":32},{"fill":"rgb(255, 165, 0)","stroke":"rgb(255, 165, 0)","strokeLinejoin":"miter","strokeLinecap":"butt","strokeMiterlimit":"4","strokeWidth":32},{"fill":"rgb(145, 192, 248)","stroke":"rgb(255, 255, 255)","strokeLinejoin":"round","strokeLinecap":"butt","strokeMiterlimit":"4","strokeWidth":19.2}],"isMulticolor":true,"isMulticolor2":true,"grid":0,"tags":["d"],"colorPermutations":{"1311792031145192248115916618311852162321198222255125516501255255255187160238197921541":[{"s":1},{"s":1},{"s":1},{"s":1},{"s":1},{"s":1},{"s":1},{"s":1},{"f":1,"s":1},{"f":5,"s":8}]}},"attrs":[{"fill":"none","stroke":"rgb(255, 165, 0)","strokeLinejoin":"miter","strokeLinecap":"round","strokeMiterlimit":"4","strokeWidth":32},{"fill":"none","stroke":"rgb(255, 165, 0)","strokeLinejoin":"miter","strokeLinecap":"round","strokeMiterlimit":"4","strokeWidth":32},{"fill":"none","stroke":"rgb(255, 165, 0)","strokeLinejoin":"miter","strokeLinecap":"round","strokeMiterlimit":"4","strokeWidth":32},{"fill":"none","stroke":"rgb(255, 165, 0)","strokeLinejoin":"miter","strokeLinecap":"round","strokeMiterlimit":"4","strokeWidth":32},{"fill":"none","stroke":"rgb(255, 165, 0)","strokeLinejoin":"miter","strokeLinecap":"round","strokeMiterlimit":"4","strokeWidth":32},{"fill":"none","stroke":"rgb(255, 165, 0)","strokeLinejoin":"miter","strokeLinecap":"round","strokeMiterlimit":"4","strokeWidth":32},{"fill":"none","stroke":"rgb(255, 165, 0)","strokeLinejoin":"miter","strokeLinecap":"round","strokeMiterlimit":"4","strokeWidth":32},{"fill":"none","stroke":"rgb(255, 165, 0)","strokeLinejoin":"miter","strokeLinecap":"round","strokeMiterlimit":"4","strokeWidth":32},{"fill":"rgb(255, 165, 0)","stroke":"rgb(255, 165, 0)","strokeLinejoin":"miter","strokeLinecap":"butt","strokeMiterlimit":"4","strokeWidth":32},{"fill":"rgb(145, 192, 248)","stroke":"rgb(255, 255, 255)","strokeLinejoin":"round","strokeLinecap":"butt","strokeMiterlimit":"4","strokeWidth":19.2}],"properties":{"order":38,"id":7,"name":"03d","prevSize":32,"code":59659,"codes":[59659,59660,59661,59662,59663,59664,59665,59666,59667,59668]},"setIdx":0,"setId":1,"iconIdx":2},{"icon":{"paths":["M617.92 371.84c0-44.16-35.52-78.72-78.72-78.72-9.6 0-18.24 1.92-26.88 4.8-2.88-32.64-29.76-59.52-63.36-59.52-35.52 0-64.32 28.8-64.32 64.32 0 7.68 1.92 15.36 3.84 22.080-2.88-0.96-6.72-0.96-9.6-0.96-35.52 0-64.32 28.8-64.32 64.32 0 34.56 27.84 63.36 62.4 64.32h165.12c42.24-4.8 75.84-38.4 75.84-80.64z","M763.2 550.4c0-73.6-59.2-131.2-131.2-131.2-16 0-30.4 3.2-44.8 8-4.8-54.4-49.6-99.2-105.6-99.2-59.2 0-107.2 48-107.2 107.2 0 12.8 3.2 25.6 6.4 36.8-4.8-1.6-11.2-1.6-16-1.6-59.2 0-107.2 48-107.2 107.2 0 57.6 46.4 105.6 104 107.2h275.2c70.4-8 126.4-64 126.4-134.4z"],"attrs":[{"fill":"rgb(145, 192, 248)","stroke":"rgb(255, 255, 255)","strokeLinejoin":"round","strokeLinecap":"butt","strokeMiterlimit":"4","strokeWidth":19.2},{"fill":"rgb(87, 160, 238)","stroke":"rgb(255, 255, 255)","strokeLinejoin":"round","strokeLinecap":"butt","strokeMiterlimit":"4","strokeWidth":19.2}],"isMulticolor":true,"isMulticolor2":false,"grid":0,"tags":["d"],"colorPermutations":{"1311792031145192248115916618311852162321198222255125516501255255255187160238197921541":[{"f":5,"s":8},{"f":2,"s":8}]}},"attrs":[{"fill":"rgb(145, 192, 248)","stroke":"rgb(255, 255, 255)","strokeLinejoin":"round","strokeLinecap":"butt","strokeMiterlimit":"4","strokeWidth":19.2},{"fill":"rgb(87, 160, 238)","stroke":"rgb(255, 255, 255)","strokeLinejoin":"round","strokeLinecap":"butt","strokeMiterlimit":"4","strokeWidth":19.2}],"properties":{"order":39,"id":6,"name":"04d","prevSize":32,"code":59669,"codes":[59669,59670]},"setIdx":0,"setId":1,"iconIdx":3},{"icon":{"paths":["M763.2 550.4c0-73.6-59.2-131.2-131.2-131.2-16 0-30.4 3.2-44.8 8-4.8-54.4-49.6-99.2-105.6-99.2-59.2 0-107.2 48-107.2 107.2 0 12.8 3.2 25.6 6.4 36.8-4.8-1.6-11.2-1.6-16-1.6-59.2 0-107.2 48-107.2 107.2 0 57.6 46.4 105.6 104 107.2h275.2c70.4-8 126.4-64 126.4-134.4z","M414.437 737.865l-22.227 126.055","M498.778 720.243l-22.227 126.055","M574.785 749.892l-22.227 126.055"],"attrs":[{"fill":"rgb(87, 160, 238)","stroke":"rgb(255, 255, 255)","strokeLinejoin":"round","strokeLinecap":"butt","strokeMiterlimit":"4","strokeWidth":19.2},{"fill":"none","stroke":"rgb(145, 192, 248)","strokeLinejoin":"miter","strokeLinecap":"round","strokeMiterlimit":"4","strokeWidth":48},{"fill":"none","stroke":"rgb(145, 192, 248)","strokeLinejoin":"miter","strokeLinecap":"round","strokeMiterlimit":"4","strokeWidth":48},{"fill":"none","stroke":"rgb(145, 192, 248)","strokeLinejoin":"miter","strokeLinecap":"round","strokeMiterlimit":"4","strokeWidth":48}],"isMulticolor":false,"isMulticolor2":true,"grid":0,"tags":["d"],"colorPermutations":{"1311792031145192248115916618311852162321198222255125516501255255255187160238197921541":[{"f":2,"s":8},{"s":5},{"s":5},{"s":5}]}},"attrs":[{"fill":"rgb(87, 160, 238)","stroke":"rgb(255, 255, 255)","strokeLinejoin":"round","strokeLinecap":"butt","strokeMiterlimit":"4","strokeWidth":19.2},{"fill":"none","stroke":"rgb(145, 192, 248)","strokeLinejoin":"miter","strokeLinecap":"round","strokeMiterlimit":"4","strokeWidth":48},{"fill":"none","stroke":"rgb(145, 192, 248)","strokeLinejoin":"miter","strokeLinecap":"round","strokeMiterlimit":"4","strokeWidth":48},{"fill":"none","stroke":"rgb(145, 192, 248)","strokeLinejoin":"miter","strokeLinecap":"round","strokeMiterlimit":"4","strokeWidth":48}],"properties":{"order":40,"id":5,"name":"09d","prevSize":32,"code":59671},"setIdx":0,"setId":1,"iconIdx":4},{"icon":{"paths":["M320 560v48","M218.177 517.823l-33.941 33.941","M176 416h-48","M218.177 314.177l-33.941-33.941","M320 272v-48","M421.823 314.177l33.941-33.941","M464 416h48","M421.823 517.823l33.941 33.941","M400 416c0 44.183-35.817 80-80 80s-80-35.817-80-80c0-44.183 35.817-80 80-80s80 35.817 80 80z","M763.2 550.4c0-73.6-59.2-131.2-131.2-131.2-16 0-30.4 3.2-44.8 8-4.8-54.4-49.6-99.2-105.6-99.2-59.2 0-107.2 48-107.2 107.2 0 12.8 3.2 25.6 6.4 36.8-4.8-1.6-11.2-1.6-16-1.6-59.2 0-107.2 48-107.2 107.2 0 57.6 46.4 105.6 104 107.2h275.2c70.4-8 126.4-64 126.4-134.4z","M494.68 719.087l-22.227 126.055"],"attrs":[{"fill":"none","stroke":"rgb(255, 165, 0)","strokeLinejoin":"miter","strokeLinecap":"round","strokeMiterlimit":"4","strokeWidth":32},{"fill":"none","stroke":"rgb(255, 165, 0)","strokeLinejoin":"miter","strokeLinecap":"round","strokeMiterlimit":"4","strokeWidth":32},{"fill":"none","stroke":"rgb(255, 165, 0)","strokeLinejoin":"miter","strokeLinecap":"round","strokeMiterlimit":"4","strokeWidth":32},{"fill":"none","stroke":"rgb(255, 165, 0)","strokeLinejoin":"miter","strokeLinecap":"round","strokeMiterlimit":"4","strokeWidth":32},{"fill":"none","stroke":"rgb(255, 165, 0)","strokeLinejoin":"miter","strokeLinecap":"round","strokeMiterlimit":"4","strokeWidth":32},{"fill":"none","stroke":"rgb(255, 165, 0)","strokeLinejoin":"miter","strokeLinecap":"round","strokeMiterlimit":"4","strokeWidth":32},{"fill":"none","stroke":"rgb(255, 165, 0)","strokeLinejoin":"miter","strokeLinecap":"round","strokeMiterlimit":"4","strokeWidth":32},{"fill":"none","stroke":"rgb(255, 165, 0)","strokeLinejoin":"miter","strokeLinecap":"round","strokeMiterlimit":"4","strokeWidth":32},{"fill":"rgb(255, 165, 0)","stroke":"rgb(255, 165, 0)","strokeLinejoin":"miter","strokeLinecap":"butt","strokeMiterlimit":"4","strokeWidth":32},{"fill":"rgb(87, 160, 238)","stroke":"rgb(255, 255, 255)","strokeLinejoin":"round","strokeLinecap":"butt","strokeMiterlimit":"4","strokeWidth":19.2},{"fill":"none","stroke":"rgb(145, 192, 248)","strokeLinejoin":"miter","strokeLinecap":"round","strokeMiterlimit":"4","strokeWidth":32}],"isMulticolor":true,"isMulticolor2":true,"grid":0,"tags":["d"],"colorPermutations":{"1311792031145192248115916618311852162321198222255125516501255255255187160238197921541":[{"s":1},{"s":1},{"s":1},{"s":1},{"s":1},{"s":1},{"s":1},{"s":1},{"f":1,"s":1},{"f":2,"s":8},{"s":5}]}},"attrs":[{"fill":"none","stroke":"rgb(255, 165, 0)","strokeLinejoin":"miter","strokeLinecap":"round","strokeMiterlimit":"4","strokeWidth":32},{"fill":"none","stroke":"rgb(255, 165, 0)","strokeLinejoin":"miter","strokeLinecap":"round","strokeMiterlimit":"4","strokeWidth":32},{"fill":"none","stroke":"rgb(255, 165, 0)","strokeLinejoin":"miter","strokeLinecap":"round","strokeMiterlimit":"4","strokeWidth":32},{"fill":"none","stroke":"rgb(255, 165, 0)","strokeLinejoin":"miter","strokeLinecap":"round","strokeMiterlimit":"4","strokeWidth":32},{"fill":"none","stroke":"rgb(255, 165, 0)","strokeLinejoin":"miter","strokeLinecap":"round","strokeMiterlimit":"4","strokeWidth":32},{"fill":"none","stroke":"rgb(255, 165, 0)","strokeLinejoin":"miter","strokeLinecap":"round","strokeMiterlimit":"4","strokeWidth":32},{"fill":"none","stroke":"rgb(255, 165, 0)","strokeLinejoin":"miter","strokeLinecap":"round","strokeMiterlimit":"4","strokeWidth":32},{"fill":"none","stroke":"rgb(255, 165, 0)","strokeLinejoin":"miter","strokeLinecap":"round","strokeMiterlimit":"4","strokeWidth":32},{"fill":"rgb(255, 165, 0)","stroke":"rgb(255, 165, 0)","strokeLinejoin":"miter","strokeLinecap":"butt","strokeMiterlimit":"4","strokeWidth":32},{"fill":"rgb(87, 160, 238)","stroke":"rgb(255, 255, 255)","strokeLinejoin":"round","strokeLinecap":"butt","strokeMiterlimit":"4","strokeWidth":19.2},{"fill":"none","stroke":"rgb(145, 192, 248)","strokeLinejoin":"miter","strokeLinecap":"round","strokeMiterlimit":"4","strokeWidth":32}],"properties":{"order":41,"id":4,"name":"010d","prevSize":32,"code":59672,"codes":[59672,59673,59674,59675,59676,59677,59678,59679,59680,59681,59682]},"setIdx":0,"setId":1,"iconIdx":5},{"icon":{"paths":["M617.92 403.84c0-44.16-35.52-78.72-78.72-78.72-9.6 0-18.24 1.92-26.88 4.8-2.88-32.64-29.76-59.52-63.36-59.52-35.52 0-64.32 28.8-64.32 64.32 0 7.68 1.92 15.36 3.84 22.080-2.88-0.96-6.72-0.96-9.6-0.96-35.52 0-64.32 28.8-64.32 64.32 0 34.56 27.84 63.36 62.4 64.32h165.12c42.24-4.8 75.84-38.4 75.84-80.64z","M763.2 550.4c0-73.6-59.2-131.2-131.2-131.2-16 0-30.4 3.2-44.8 8-4.8-54.4-49.6-99.2-105.6-99.2-59.2 0-107.2 48-107.2 107.2 0 12.8 3.2 25.6 6.4 36.8-4.8-1.6-11.2-1.6-16-1.6-59.2 0-107.2 48-107.2 107.2 0 57.6 46.4 105.6 104 107.2h275.2c70.4-8 126.4-64 126.4-134.4z","M450.56 552.32h119.040l-78.72 138.24h74.88l-168.96 197.76 65.28-147.84h-72.96z"],"attrs":[{"fill":"rgb(145, 192, 248)","stroke":"rgb(255, 255, 255)","strokeLinejoin":"round","strokeLinecap":"butt","strokeMiterlimit":"4","strokeWidth":19.2},{"fill":"rgb(87, 160, 238)","stroke":"rgb(255, 255, 255)","strokeLinejoin":"round","strokeLinecap":"butt","strokeMiterlimit":"4","strokeWidth":19.2},{"fill":"rgb(255, 165, 0)","stroke":"rgb(255, 255, 255)","strokeLinejoin":"miter","strokeLinecap":"butt","strokeMiterlimit":"4","strokeWidth":16}],"isMulticolor":true,"isMulticolor2":false,"grid":0,"tags":["d"],"colorPermutations":{"1311792031145192248115916618311852162321198222255125516501255255255187160238197921541":[{"f":5,"s":8},{"f":2,"s":8},{"f":1,"s":8}]}},"attrs":[{"fill":"rgb(145, 192, 248)","stroke":"rgb(255, 255, 255)","strokeLinejoin":"round","strokeLinecap":"butt","strokeMiterlimit":"4","strokeWidth":19.2},{"fill":"rgb(87, 160, 238)","stroke":"rgb(255, 255, 255)","strokeLinejoin":"round","strokeLinecap":"butt","strokeMiterlimit":"4","strokeWidth":19.2},{"fill":"rgb(255, 165, 0)","stroke":"rgb(255, 255, 255)","strokeLinejoin":"miter","strokeLinecap":"butt","strokeMiterlimit":"4","strokeWidth":16}],"properties":{"order":43,"id":2,"name":"11d","prevSize":32,"code":59695,"codes":[59695,59696,59697]},"setIdx":0,"setId":1,"iconIdx":7},{"icon":{"paths":["M763.2 550.4c0-73.6-59.2-131.2-131.2-131.2-16 0-30.4 3.2-44.8 8-4.8-54.4-49.6-99.2-105.6-99.2-59.2 0-107.2 48-107.2 107.2 0 12.8 3.2 25.6 6.4 36.8-4.8-1.6-11.2-1.6-16-1.6-59.2 0-107.2 48-107.2 107.2 0 57.6 46.4 105.6 104 107.2h275.2c70.4-8 126.4-64 126.4-134.4z","M368 712v80","M396.284 723.716l-56.569 56.569","M408 752h-80","M396.284 780.284l-56.569-56.569","M496 712v80","M524.284 723.716l-56.569 56.569","M536 752h-80","M524.284 780.284l-56.569-56.569","M640 712v80","M668.284 723.716l-56.569 56.569","M680 752h-80","M668.284 780.284l-56.569-56.569"],"attrs":[{"fill":"rgb(87, 160, 238)","stroke":"rgb(255, 255, 255)","strokeLinejoin":"round","strokeLinecap":"butt","strokeMiterlimit":"4","strokeWidth":19.2},{"fill":"none","stroke":"rgb(87, 160, 238)","strokeLinejoin":"miter","strokeLinecap":"round","strokeMiterlimit":"4","strokeWidth":19.2},{"fill":"none","stroke":"rgb(87, 160, 238)","strokeLinejoin":"miter","strokeLinecap":"round","strokeMiterlimit":"4","strokeWidth":16},{"fill":"none","stroke":"rgb(87, 160, 238)","strokeLinejoin":"miter","strokeLinecap":"round","strokeMiterlimit":"4","strokeWidth":16},{"fill":"none","stroke":"rgb(87, 160, 238)","strokeLinejoin":"miter","strokeLinecap":"round","strokeMiterlimit":"4","strokeWidth":16},{"fill":"none","stroke":"rgb(87, 160, 238)","strokeLinejoin":"miter","strokeLinecap":"round","strokeMiterlimit":"4","strokeWidth":19.2},{"fill":"none","stroke":"rgb(87, 160, 238)","strokeLinejoin":"miter","strokeLinecap":"round","strokeMiterlimit":"4","strokeWidth":16},{"fill":"none","stroke":"rgb(87, 160, 238)","strokeLinejoin":"miter","strokeLinecap":"round","strokeMiterlimit":"4","strokeWidth":16},{"fill":"none","stroke":"rgb(87, 160, 238)","strokeLinejoin":"miter","strokeLinecap":"round","strokeMiterlimit":"4","strokeWidth":16},{"fill":"none","stroke":"rgb(87, 160, 238)","strokeLinejoin":"miter","strokeLinecap":"round","strokeMiterlimit":"4","strokeWidth":19.2},{"fill":"none","stroke":"rgb(87, 160, 238)","strokeLinejoin":"miter","strokeLinecap":"round","strokeMiterlimit":"4","strokeWidth":16},{"fill":"none","stroke":"rgb(87, 160, 238)","strokeLinejoin":"miter","strokeLinecap":"round","strokeMiterlimit":"4","strokeWidth":16},{"fill":"none","stroke":"rgb(87, 160, 238)","strokeLinejoin":"miter","strokeLinecap":"round","strokeMiterlimit":"4","strokeWidth":16}],"isMulticolor":false,"isMulticolor2":true,"grid":0,"tags":["d"],"colorPermutations":{"1311792031145192248115916618311852162321198222255125516501255255255187160238197921541":[{"f":2,"s":8},{"s":2},{"s":2},{"s":2},{"s":2},{"s":2},{"s":2},{"s":2},{"s":2},{"s":2},{"s":2},{"s":2},{"s":2}]}},"attrs":[{"fill":"rgb(87, 160, 238)","stroke":"rgb(255, 255, 255)","strokeLinejoin":"round","strokeLinecap":"butt","strokeMiterlimit":"4","strokeWidth":19.2},{"fill":"none","stroke":"rgb(87, 160, 238)","strokeLinejoin":"miter","strokeLinecap":"round","strokeMiterlimit":"4","strokeWidth":19.2},{"fill":"none","stroke":"rgb(87, 160, 238)","strokeLinejoin":"miter","strokeLinecap":"round","strokeMiterlimit":"4","strokeWidth":16},{"fill":"none","stroke":"rgb(87, 160, 238)","strokeLinejoin":"miter","strokeLinecap":"round","strokeMiterlimit":"4","strokeWidth":16},{"fill":"none","stroke":"rgb(87, 160, 238)","strokeLinejoin":"miter","strokeLinecap":"round","strokeMiterlimit":"4","strokeWidth":16},{"fill":"none","stroke":"rgb(87, 160, 238)","strokeLinejoin":"miter","strokeLinecap":"round","strokeMiterlimit":"4","strokeWidth":19.2},{"fill":"none","stroke":"rgb(87, 160, 238)","strokeLinejoin":"miter","strokeLinecap":"round","strokeMiterlimit":"4","strokeWidth":16},{"fill":"none","stroke":"rgb(87, 160, 238)","strokeLinejoin":"miter","strokeLinecap":"round","strokeMiterlimit":"4","strokeWidth":16},{"fill":"none","stroke":"rgb(87, 160, 238)","strokeLinejoin":"miter","strokeLinecap":"round","strokeMiterlimit":"4","strokeWidth":16},{"fill":"none","stroke":"rgb(87, 160, 238)","strokeLinejoin":"miter","strokeLinecap":"round","strokeMiterlimit":"4","strokeWidth":19.2},{"fill":"none","stroke":"rgb(87, 160, 238)","strokeLinejoin":"miter","strokeLinecap":"round","strokeMiterlimit":"4","strokeWidth":16},{"fill":"none","stroke":"rgb(87, 160, 238)","strokeLinejoin":"miter","strokeLinecap":"round","strokeMiterlimit":"4","strokeWidth":16},{"fill":"none","stroke":"rgb(87, 160, 238)","strokeLinejoin":"miter","strokeLinecap":"round","strokeMiterlimit":"4","strokeWidth":16}],"properties":{"order":44,"id":1,"name":"13d","prevSize":32,"code":59698},"setIdx":0,"setId":1,"iconIdx":8},{"icon":{"paths":["M562.26 673.076c0.040 0 0.087 0 0.134 0 120.705 0 218.556-97.851 218.556-218.556s-97.851-218.556-218.556-218.556c-99.375 0-183.26 66.324-209.803 157.122l-0.387 1.545c-24.142-16.752-54.063-26.762-86.323-26.762-84.28 0-152.603 68.323-152.603 152.603s68.323 152.603 152.603 152.603c0.010 0 0.019-0 0.029-0l-0.001 0z","M748.613 545.901h-373.418","M910.712 669.787h-212.688","M748.613 788.036h-373.418","M562.154 669.716h-121.948"],"attrs":[{"fill":"rgb(185, 216, 232)"},{"fill":"none","stroke":"rgb(131, 179, 203)","strokeLinejoin":"round","strokeLinecap":"round","strokeMiterlimit":"4","strokeWidth":201.624410156089},{"fill":"none","stroke":"rgb(159, 166, 183)","strokeLinejoin":"round","strokeLinecap":"round","strokeMiterlimit":"4","strokeWidth":201.624410156089},{"fill":"none","stroke":"rgb(97, 92, 154)","strokeLinejoin":"round","strokeLinecap":"round","strokeMiterlimit":"4","strokeWidth":201.624410156089},{"fill":"none","stroke":"rgb(159, 166, 183)","strokeLinejoin":"round","strokeLinecap":"round","strokeMiterlimit":"4","strokeWidth":201.624410156089}],"isMulticolor":false,"isMulticolor2":true,"grid":0,"tags":["d"],"colorPermutations":{"1311792031145192248115916618311852162321198222255125516501255255255187160238197921541":[{"f":6},{"s":3},{"s":4},{"s":0},{"s":4}]}},"attrs":[{"fill":"rgb(185, 216, 232)"},{"fill":"none","stroke":"rgb(131, 179, 203)","strokeLinejoin":"round","strokeLinecap":"round","strokeMiterlimit":"4","strokeWidth":201.624410156089},{"fill":"none","stroke":"rgb(159, 166, 183)","strokeLinejoin":"round","strokeLinecap":"round","strokeMiterlimit":"4","strokeWidth":201.624410156089},{"fill":"none","stroke":"rgb(97, 92, 154)","strokeLinejoin":"round","strokeLinecap":"round","strokeMiterlimit":"4","strokeWidth":201.624410156089},{"fill":"none","stroke":"rgb(159, 166, 183)","strokeLinejoin":"round","strokeLinecap":"round","strokeMiterlimit":"4","strokeWidth":201.624410156089}],"properties":{"order":45,"id":0,"name":"50d","prevSize":32,"code":59699},"setIdx":0,"setId":1,"iconIdx":9}],"height":1024,"metadata":{"name":"icomoon"},"preferences":{"showGlyphs":true,"showCodes":true,"showQuickUse":true,"showQuickUse2":true,"showSVGs":true,"fontPref":{"prefix":"icon-","metadata":{"fontFamily":"icomoon"},"metrics":{"emSize":1024,"baseline":6.25,"whitespace":50},"embed":false},"imagePref":{"prefix":"icon-","png":true,"useClassSelector":true,"color":0,"bgColor":16777215},"historySize":50,"gridSize":16}}